{
  "s": [
    0.55,
    0.0
  ],
  "phi_pw": [
    21.678349601551677,
    0.0
  ],
  "support": [
    [
      1,
      37.57406486927389
    ]
  ]
}