{
  "sigma0": 0.5,
  "eps": 0.01,
  "t": [
    0.0,
    0.02506265664160401,
    0.05012531328320802,
    0.07518796992481203,
    0.10025062656641603,
    0.12531328320802004,
    0.15037593984962405,
    0.17543859649122806,
    0.20050125313283207,
    0.22556390977443608,
    0.2506265664160401,
    0.2756892230576441,
    0.3007518796992481,
    0.3258145363408521,
    0.3508771929824561,
    0.37593984962406013,
    0.40100250626566414,
    0.42606516290726815,
    0.45112781954887216,
    0.47619047619047616,
    0.5012531328320802,
    0.5263157894736842,
    0.5513784461152882,
    0.5764411027568922,
    0.6015037593984962,
    0.6265664160401002,
    0.6516290726817042,
    0.6766917293233082,
    0.7017543859649122,
    0.7268170426065163,
    0.7518796992481203,
    0.7769423558897243,
    0.8020050125313283,
    0.8270676691729323,
    0.8521303258145363,
    0.8771929824561403,
    0.9022556390977443,
    0.9273182957393483,
    0.9523809523809523,
    0.9774436090225563,
    1.0025062656641603,
    1.0275689223057642,
    1.0526315789473684,
    1.0776942355889725,
    1.1027568922305764,
    1.1278195488721803,
    1.1528822055137844,
    1.1779448621553885,
    1.2030075187969924,
    1.2280701754385963,
    1.2531328320802004,
    1.2781954887218046,
    1.3032581453634084,
    1.3283208020050123,
    1.3533834586466165,
    1.3784461152882206,
    1.4035087719298245,
    1.4285714285714284,
    1.4536340852130325,
    1.4786967418546366,
    1.5037593984962405,
    1.5288220551378444,
    1.5538847117794485,
    1.5789473684210527,
    1.6040100250626566,
    1.6290726817042605,
    1.6541353383458646,
    1.6791979949874687,
    1.7042606516290726,
    1.7293233082706765,
    1.7543859649122806,
    1.7794486215538847,
    1.8045112781954886,
    1.8295739348370925,
    1.8546365914786966,
    1.8796992481203008,
    1.9047619047619047,
    1.9298245614035086,
    1.9548872180451127,
    1.9799498746867168,
    2.0050125313283207,
    2.0300751879699246,
    2.0551378446115285,
    2.080200501253133,
    2.1052631578947367,
    2.1303258145363406,
    2.155388471177945,
    2.180451127819549,
    2.2055137844611528,
    2.2305764411027567,
    2.2556390977443606,
    2.280701754385965,
    2.305764411027569,
    2.3308270676691727,
    2.355889724310777,
    2.380952380952381,
    2.406015037593985,
    2.4310776942355887,
    2.4561403508771926,
    2.481203007518797,
    2.506265664160401,
    2.5313283208020048,
    2.556390977443609,
    2.581453634085213,
    2.606516290726817,
    2.631578947368421,
    2.6566416040100247,
    2.681704260651629,
    2.706766917293233,
    2.731829573934837,
    2.756892230576441,
    2.781954887218045,
    2.807017543859649,
    2.832080200501253,
    2.8571428571428568,
    2.882205513784461,
    2.907268170426065,
    2.932330827067669,
    2.9573934837092732,
    2.982456140350877,
    3.007518796992481,
    3.032581453634085,
    3.057644110275689,
    3.082706766917293,
    3.107769423558897,
    3.132832080200501,
    3.1578947368421053,
    3.182957393483709,
    3.208020050125313,
    3.233082706766917,
    3.258145363408521,
    3.2832080200501252,
    3.308270676691729,
    3.333333333333333,
    3.3583959899749374,
    3.3834586466165413,
    3.408521303258145,
    3.433583959899749,
    3.458646616541353,
    3.4837092731829573,
    3.508771929824561,
    3.533834586466165,
    3.5588972431077694,
    3.5839598997493733,
    3.6090225563909772,
    3.634085213032581,
    3.659147869674185,
    3.6842105263157894,
    3.7092731829573933,
    3.734335839598997,
    3.7593984962406015,
    3.7844611528822054,
    3.8095238095238093,
    3.834586466165413,
    3.859649122807017,
    3.8847117794486214,
    3.9097744360902253,
    3.9348370927318292,
    3.9598997493734336,
    3.9849624060150375,
    4.010025062656641,
    4.035087719298246,
    4.060150375939849,
    4.0852130325814535,
    4.110275689223057,
    4.135338345864661,
    4.160401002506266,
    4.185463659147869,
    4.2105263157894735,
    4.235588972431078,
    4.260651629072681,
    4.285714285714286,
    4.31077694235589,
    4.335839598997493,
    4.360902255639098,
    4.385964912280701,
    4.4110275689223055,
    4.43609022556391,
    4.461152882205513,
    4.486215538847118,
    4.511278195488721,
    4.5363408521303255,
    4.56140350877193,
    4.586466165413533,
    4.611528822055138,
    4.636591478696742,
    4.661654135338345,
    4.68671679197995,
    4.711779448621554,
    4.7368421052631575,
    4.761904761904762,
    4.786967418546365,
    4.81203007518797,
    4.837092731829574,
    4.8621553884711775,
    4.887218045112782,
    4.912280701754385,
    4.93734335839599,
    4.962406015037594,
    4.987468671679197,
    5.012531328320802,
    5.037593984962406,
    5.0626566416040095,
    5.087719298245614,
    5.112781954887218,
    5.137844611528822,
    5.162907268170426,
    5.1879699248120295,
    5.213032581453634,
    5.238095238095238,
    5.263157894736842,
    5.288220551378446,
    5.313283208020049,
    5.338345864661654,
    5.363408521303258,
    5.3884711779448615,
    5.413533834586466,
    5.43859649122807,
    5.463659147869674,
    5.488721804511278,
    5.513784461152882,
    5.538847117794486,
    5.56390977443609,
    5.588972431077694,
    5.614035087719298,
    5.639097744360902,
    5.664160401002506,
    5.68922305764411,
    5.7142857142857135,
    5.739348370927318,
    5.764411027568922,
    5.789473684210526,
    5.81453634085213,
    5.839598997493734,
    5.864661654135338,
    5.889724310776942,
    5.9147869674185465,
    5.93984962406015,
    5.964912280701754,
    5.989974937343358,
    6.015037593984962,
    6.040100250626566,
    6.06516290726817,
    6.090225563909774,
    6.115288220551378,
    6.140350877192982,
    6.165413533834586,
    6.19047619047619,
    6.215538847117794,
    6.2406015037593985,
    6.265664160401002,
    6.290726817042606,
    6.315789473684211,
    6.340852130325814,
    6.365914786967418,
    6.390977443609022,
    6.416040100250626,
    6.4411027568922306,
    6.466165413533834,
    6.491228070175438,
    6.516290726817042,
    6.541353383458646,
    6.5664160401002505,
    6.591478696741854,
    6.616541353383458,
    6.641604010025063,
    6.666666666666666,
    6.69172932330827,
    6.716791979949875,
    6.741854636591478,
    6.7669172932330826,
    6.791979949874686,
    6.81704260651629,
    6.842105263157895,
    6.867167919799498,
    6.8922305764411025,
    6.917293233082706,
    6.94235588972431,
    6.967418546365915,
    6.992481203007518,
    7.017543859649122,
    7.042606516290727,
    7.06766917293233,
    7.0927318295739346,
    7.117794486215539,
    7.142857142857142,
    7.167919799498747,
    7.19298245614035,
    7.2180451127819545,
    7.243107769423559,
    7.268170426065162,
    7.293233082706767,
    7.31829573934837,
    7.343358395989974,
    7.368421052631579,
    7.393483709273182,
    7.4185463659147866,
    7.443609022556391,
    7.468671679197994,
    7.493734335839599,
    7.518796992481203,
    7.5438596491228065,
    7.568922305764411,
    7.593984962406014,
    7.619047619047619,
    7.644110275689223,
    7.669172932330826,
    7.694235588972431,
    7.719298245614034,
    7.744360902255639,
    7.769423558897243,
    7.794486215538846,
    7.819548872180451,
    7.844611528822055,
    7.8696741854636585,
    7.894736842105263,
    7.919799498746867,
    7.944862155388471,
    7.969924812030075,
    7.994987468671678,
    8.020050125313283,
    8.045112781954886,
    8.070175438596491,
    8.095238095238095,
    8.120300751879698,
    8.145363408521304,
    8.170426065162907,
    8.19548872180451,
    8.220551378446114,
    8.24561403508772,
    8.270676691729323,
    8.295739348370926,
    8.320802005012531,
    8.345864661654135,
    8.370927318295738,
    8.395989974937343,
    8.421052631578947,
    8.44611528822055,
    8.471177944862156,
    8.496240601503759,
    8.521303258145362,
