{
  "s": [
    [
      0.51,
      0.0
    ],
    [
      0.51,
      0.20408163265306123
    ],
    [
      0.51,
      0.40816326530612246
    ],
    [
      0.51,
      0.6122448979591837
    ],
    [
      0.51,
      0.8163265306122449
    ],
    [
      0.51,
      1.0204081632653061
    ],
    [
      0.51,
      1.2244897959183674
    ],
    [
      0.51,
      1.4285714285714286
    ],
    [
      0.51,
      1.6326530612244898
    ],
    [
      0.51,
      1.836734693877551
    ],
    [
      0.51,
      2.0408163265306123
    ],
    [
      0.51,
      2.2448979591836737
    ],
    [
      0.51,
      2.4489795918367347
    ],
    [
      0.51,
      2.6530612244897958
    ],
    [
      0.51,
      2.857142857142857
    ],
    [
      0.51,
      3.0612244897959187
    ],
    [
      0.51,
      3.2653061224489797
    ],
    [
      0.51,
      3.4693877551020407
    ],
    [
      0.51,
      3.673469387755102
    ],
    [
      0.51,
      3.8775510204081636
    ],
    [
      0.51,
      4.081632653061225
    ],
    [
      0.51,
      4.285714285714286
    ],
    [
      0.51,
      4.4897959183673475
    ],
    [
      0.51,
      4.6938775510204085
    ],
    [
      0.51,
      4.8979591836734695
    ],
    [
      0.51,
      5.1020408163265305
    ],
    [
      0.51,
      5.3061224489795915
    ],
    [
      0.51,
      5.510204081632653
    ],
    [
      0.51,
      5.714285714285714
    ],
    [
      0.51,
      5.918367346938775
    ],
    [
      0.51,
      6.122448979591837
    ],
    [
      0.51,
      6.326530612244898
    ],
    [
      0.51,
      6.530612244897959
    ],
    [
      0.51,
      6.73469387755102
    ],
    [
      0.51,
      6.938775510204081
    ],
    [
      0.51,
      7.142857142857143
    ],
    [
      0.51,
      7.346938775510204
    ],
    [
      0.51,
      7.551020408163265
    ],
    [
      0.51,
      7.755102040816327
    ],
    [
      0.51,
      7.959183673469388
    ],
    [
      0.51,
      8.16326530612245
    ],
    [
      0.51,
      8.36734693877551
    ],
    [
      0.51,
      8.571428571428571
    ],
    [
      0.51,
      8.775510204081632
    ],
    [
      0.51,
      8.979591836734695
    ],
    [
      0.51,
      9.183673469387756
    ],
    [
      0.51,
      9.387755102040817
    ],
    [
      0.51,
      9.591836734693878
    ],
    [
      0.51,
      9.795918367346939
    ],
    [
      0.51,
      10.0
    ]
  ],
  "O": [
    [
      0.6760295032070572,
      0.0
    ],
    [
      0.9824495916941325,
      0.0
    ],
    [
      1.7671707067879507,
      0.0
    ],
    [
      2.145758841046285,
      0.0
    ],
    [
      2.629972376110028,
      0.0
    ],
    [
      2.692926301522527,
      0.0
    ],
    [
      2.9067148612728784,
      0.0
    ],
    [
      2.801469744552337,
      0.0
    ],
    [
      2.8725436528486834,
      0.0
    ],
    [
      2.748293320400012,
      0.0
    ],
    [
      2.686590082300933,
      0.0
    ],
    [
      2.522307345961215,
      0.0
    ],
    [
      2.500776612529453,
      0.0
    ],
    [
      2.552664279426409,
      0.0
    ],
    [
      2.586888543232626,
      0.0
    ],
    [
      2.52008251164133,
      0.0
    ],
    [
      2.362704082602542,
      0.0
    ],
    [
      2.3198978846127356,
      0.0
    ],
    [
      2.3173364991949312,
      0.0
    ],
    [
      2.4647558062101718,
      0.0
    ],
    [
      2.652847433528995,
      0.0
    ],
    [
      3.040073412166899,
      0.0
    ],
    [
      3.412508866577249,
      0.0
    ],
    [
      3.6774250531872794,
      0.0
    ],
    [
      3.5072462001199454,
      0.0
    ],
    [
      3.2541417109307216,
      0.0
    ],
    [
      3.0982255748354715,
      0.0
    ],
    [
      3.125222310708441,
      0.0
    ],
    [
      3.3871685220320726,
      0.0
    ],
    [
      3.8453884938637426,
      0.0
    ],
    [
      4.489947804437812,
      0.0
    ],
    [
      5.260246492364986,
      0.0
    ],
    [
      6.578762255076124,
      0.0
    ],
    [
      8.529296570110587,
      0.0
    ],
    [
      11.436881741211097,
      0.0
    ],
    [
      12.392846683056014,
      0.0
    ],
    [
      10.908911672196483,
      0.0
    ],
    [
      9.563024156460589,
      0.0
    ],
    [
      8.911372967242865,
      0.0
    ],
    [
      8.901633209055532,
      0.0
    ],
    [
      9.472267607638319,
      0.0
    ],
    [
      9.97571113727083,
      0.0
    ],
    [
      9.802957612739126,
      0.0
    ],
    [
      9.381873537107134,
      0.0
    ],
    [
      9.323412120869241,
      0.0
    ],
    [
      10.211324718953616,
      0.0
    ],
    [
      12.110019332105562,
      0.0
    ],
    [
      15.480723044903959,
      0.0
    ],
    [
      20.099908351332704,
      0.0
    ],
    [
      5.30549787698095,
      0.0
    ]
  ]
}