{
  "s": [
    0.55,
    0.0
  ],
  "phi_pw": [
    1.7160040521579307,
    0.0
  ],
  "support": [
    [
      1,
      2.974269202075413
    ]
  ]
}