{
  "s": [
    0.55,
    0.0
  ],
  "phi_pw": [
    77.57277818861634,
    0.0
  ],
  "support": [
    [
      1,
      134.45325189977734
    ]
  ]
}